year,regime,r,p,market_return
2022,bear,-0.15865119643050668,0.12878217272528253,-51.69462236164348
2023,bull,-0.21320868786782987,0.0401735908274453,63.638024243997535
2024,bull,-0.017281422113727202,0.8694050209449784,65.57540122174404
